<?xml version="1.0"?>
<ruleset name="WordPress Coding Standards">
	<description>PHP_CodeSniffer ruleset.</description>

	<file>.</file>

	<!-- Exclude paths -->
	<exclude-pattern>*/node_modules/*</exclude-pattern>
	<exclude-pattern>*/vendor/*</exclude-pattern>
	<exclude-pattern>lib/</exclude-pattern>
	<exclude-pattern>*example*</exclude-pattern>

	<!-- Show progress, show the error codes for each message (source). -->
	<arg value="ps" />

	<!-- Strip the filepaths in reports down to the relevant bit. -->
	<arg name="basepath" value="./" />

	<!-- Check up to 8 files simultaneously. -->
	<arg name="parallel" value="8" />

	<!-- Configs -->
	<config name="minimum_supported_wp_version" value="5.2" />
	<config name="testVersion" value="7.0-" />

	<!-- Rules -->
	<rule ref="WordPress.Files.FileName.InvalidClassFileName">
		<exclude-pattern>src/</exclude-pattern>
	</rule>

	<rule ref="Squiz.Classes.ClassFileName">
		<include-pattern>src/</include-pattern>
	</rule>

	<rule ref="Squiz.Classes.ValidClassName">
		<include-pattern>src/</include-pattern>
	</rule>

	<rule ref="Generic.Commenting">
	</rule>

	<rule ref="PEAR.Functions.FunctionCallSignature.EmptyLine">
	</rule>

	<rule ref="WordPress.Files.FileName.NotHyphenatedLowercase">
	</rule>

	<rule ref="Squiz.Commenting.FileComment.MissingPackageTag">
		<exclude-pattern>src/</exclude-pattern>
	</rule>
	<rule ref="Squiz.Commenting.FileComment.Missing">
		<exclude-pattern>src/</exclude-pattern>
	</rule>

	<rule ref="Squiz.Commenting.FunctionCommentThrowTag.Missing">
	</rule>

	<rule ref="Squiz.Commenting.FileComment.Missing">
	</rule>
</ruleset>
